"author","author_date","committer","committer_date","sha","additions","deletions","total"
"wbreakell","2017-03-03 17:58:46","timdorr","2017-03-03 17:58:46","ff33f0ccce447413e820140648267a6b8fe1484d","0","1","1"
"timdorr","2017-02-23 19:14:54","timdorr","2017-02-23 19:14:54","1c714abc17633c62363491d6819298810c774b5d","1","1","2"
"timdorr","2017-02-23 19:14:50","timdorr","2017-02-23 19:14:50","5850e51cc75038429b35f05c6916f129507feb7e","437","492","929"
"jquense","2017-02-23 19:05:59","timdorr","2017-02-23 19:05:59","4d302257e3b361731f44b1f546e547ed578c8eec","19","24","43"
"jimbolla","2017-02-22 16:58:10","web-flow","2017-02-22 16:58:10","a7ac94f2483db76c9de92162336f7d11b3319b1e","1","1","2"
"gaearon","2017-02-22 16:17:54","web-flow","2017-02-22 16:17:54","771cbf08ce9012646362ee6294051ffaba620248","1","1","2"
"timdorr","2017-02-17 14:46:26","web-flow","2017-02-17 14:46:26","573db0bfc8d1d50fdb6e2a98bd8a7d4675fecf11","11","24","35"
"jimbolla","2017-02-06 18:58:51","timdorr","2017-02-06 18:58:51","e548778b4c54d80de90b59f1dbaeda748758cb2f","58","120","178"
"lukeapage","2017-02-06 16:52:24","timdorr","2017-02-06 16:52:24","428f8b5074fce63754d9b9d6e102bca5fb053874","3","42","45"
"markerikson","2017-02-03 20:45:48","web-flow","2017-02-03 20:45:48","0f5870ee591c0f574dbaad627ea6f5655a01c8f5","1","1","2"
"rmadsen","2017-02-03 20:34:37","web-flow","2017-02-03 20:34:37","33ee1a2c3dbeb44f35b91f7cfcfa83162ea9d2f4","1","1","2"
"markerikson","2017-01-22 16:00:05","web-flow","2017-01-22 16:00:05","79bf2f342558cd0264ef8fa3e785fb06767740a5","1","1","2"
"pvorona","2017-01-22 12:03:10","web-flow","2017-01-22 12:03:10","154ef48a947f5c4bfd5af67fb6ac37a51ec8a5f6","1","1","2"
"markerikson","2017-01-16 23:48:04","web-flow","2017-01-16 23:48:04","a5aea010a292fa1ca8969f1bb7602ece946b8bb6","2","2","4"
"abglassford","2017-01-16 22:35:22","web-flow","2017-01-16 22:35:22","d53caac83dd214ac6b9fab5802f3863e5a935759","1","1","2"
"abglassford","2017-01-16 22:27:05","web-flow","2017-01-16 22:27:05","285469260097311161d89bc69e079818924fa171","1","1","2"
"abglassford","2017-01-16 22:23:46","web-flow","2017-01-16 22:23:46","72b3bdd3b5c8bf6aba4101217167c697c7397c54","2","2","4"
"abglassford","2017-01-16 21:41:21","web-flow","2017-01-16 21:41:21","744d547f638bedfa31fe12433b6ca54e800116b6","1","1","2"
"abglassford","2017-01-16 21:02:31","web-flow","2017-01-16 21:02:31","3c5c6df87a5da6faaf304baaa5420ecf9306d58f","2","2","4"
"timdorr","2017-01-11 01:41:30","timdorr","2017-01-11 01:41:30","75658dab18f7fe3e62ea0c3d97fcf513bf176e10","1","1","2"
"timdorr","2017-01-11 01:41:04","timdorr","2017-01-11 01:41:04","9beaa499cdac3a16202946257fa5748d70d0afb6","147","147","294"
"timdorr","2017-01-06 20:18:05","web-flow","2017-01-06 20:18:05","f8135d9c23c46cce57677d566a9d131d1d9b6c22","1","1","2"
"markerikson","2017-01-06 19:23:36","web-flow","2017-01-06 19:23:36","8143ff25b969133cb92f84252c125d3efb3c93c3","1","1","2"
"jamesongamble","2017-01-06 18:57:50","jamesongamble","2017-01-06 18:57:50","b9b27ae13200a6894e8ad50737d4f8a9a376c7e9","1","1","2"
"jimbolla","2016-12-23 04:29:35","timdorr","2016-12-23 04:29:35","ac01d706dd0b0542a0befd9cd5869c96cd2314dc","2","27","29"
"selbekk","2016-12-21 17:25:20","timdorr","2016-12-21 17:25:20","aa228ce3cec18573a8fb366d5729e8af3486cb14","1","1","2"
"markerikson","2016-12-16 19:39:50","web-flow","2016-12-16 19:39:50","44c456fdc403feb0b5cb0334e01fc0f0edeeb122","0","1","1"
"nicolo-ribaudo","2016-12-16 18:48:09","web-flow","2016-12-16 18:48:09","25e0fee6f095365e9b7d3faacabc721362cd8b34","0","1","1"
"jimbolla","2016-12-15 17:21:30","timdorr","2016-12-15 17:21:30","f4d55840a14601c3a5bdc0c3d741fc5753e87f66","1","22","23"
"timdorr","2016-12-14 17:23:23","timdorr","2016-12-14 17:23:23","00f6c6b661e3db1c68781450a07d62b05aa4c187","1","1","2"
"timdorr","2016-12-14 17:21:36","timdorr","2016-12-14 17:21:39","6f5c9939db71982b266ed091ffb5906d04a91bdc","2","2","4"
"jimbolla","2016-12-14 14:40:14","timdorr","2016-12-14 14:40:14","def0a9cdc04351b53a8b4b64259619172fa8c604","9","12","21"
"jimbolla","2016-12-14 14:39:39","timdorr","2016-12-14 14:39:39","7d4a2aef21e38d232c35381ae8bd780d3d5fab86","0","24","24"
"timdorr","2016-12-14 04:50:07","timdorr","2016-12-14 04:50:07","e23991fab5080ebe60858b3775121ba0416a556a","1","1","2"
"timdorr","2016-12-13 06:06:10","timdorr","2016-12-13 06:06:10","f892ec00d7e92ff7afb21498276472f0e3b000c5","1","1","2"
"timdorr","2016-12-13 06:06:06","timdorr","2016-12-13 06:06:06","710cb85df7e8bafd9705b557425c96deba6d78fd","176","189","365"
"jimbolla","2016-12-05 03:18:03","timdorr","2016-12-05 03:18:03","2000ff54aef486d955a7eb4fe9594e0b5e273458","31","10","41"
"timdorr","2016-11-30 02:19:48","timdorr","2016-11-30 02:19:48","1e5e7c4bff8e24d984f1703fe33dadae4c43749d","1","1","2"
"timdorr","2016-11-30 02:18:14","timdorr","2016-11-30 02:18:14","7e7790dbfa2ae40fcbaacc64a6835cde73fc650e","285","222","507"
"jimbolla","2016-11-28 21:33:29","timdorr","2016-11-28 21:33:29","f41df993d18a357f92c17fb42b831e9f60a28805","7","33","40"
"jimbolla","2016-11-28 21:32:21","timdorr","2016-11-28 21:32:21","582b17f24ca31b7bd914c4f42012c53fb663ebba","10","55","65"
"timdorr","2016-11-21 02:49:04","timdorr","2016-11-21 02:55:15","d5180b582ff35192a9f88fc64809f451b715cafd","2","2","4"
"timdorr","2016-11-21 02:37:24","timdorr","2016-11-21 02:55:15","9e9c725b1e329a26adb0c4f04632f99ee86d5f51","3","3","6"
"timdorr","2016-11-21 02:31:31","timdorr","2016-11-21 02:55:15","f0df2d9296d9b54348b417ccabe5ed9447591ae9","3","3646","3649"
"appden","2016-10-14 02:15:54","timdorr","2016-10-14 02:15:54","217e98a65ca652a0982ffb9ea4e3815e126cfc9b","3","49","52"
"jimbolla","2016-10-11 23:59:03","timdorr","2016-10-12 00:29:01","00506786634e3ae1fc9905fe21631106355e2a97","0","4","4"
"timdorr","2016-10-05 14:02:48","timdorr","2016-10-05 14:02:48","8c3ecee7b165effe3bd46a54cb57816a2f706417","1","1","2"
"timdorr","2016-10-05 14:02:19","web-flow","2016-10-05 14:02:19","4e8b313b9ade10f1904198102199b4d18d39ed89","43","1","44"
"timdorr","2016-10-05 00:41:48","timdorr","2016-10-05 00:41:48","3583e330e77bbc663ff97b7e53910932c2fa87c8","1","1","2"
"timdorr","2016-10-05 00:41:19","timdorr","2016-10-05 00:41:19","16dad18254aba9081901a76c519de76c61c2a72b","1","1","2"
"jimbolla","2016-10-05 00:31:45","timdorr","2016-10-05 00:31:45","517a9f94e9a4b1d2265ccb6859495c4752200f24","45","50","95"
"jimbolla","2016-10-05 00:28:46","timdorr","2016-10-05 00:28:46","9fccae531e3d5d68510aa224ae9e51a4b033c10a","24","108","132"
"ynonp","2016-10-02 17:01:49","timdorr","2016-10-02 17:01:49","1cc936e7ca15941c62e100c15ef9553c2ed7ec80","1","43","44"
"roncohen","2016-09-28 13:44:17","timdorr","2016-09-28 13:44:17","05ae26e44dcebed0a9c0846a2dd785cb2133b9a7","0","1","1"
"btd","2016-09-27 16:46:13","timdorr","2016-09-27 16:46:13","746c4506ba705e286cf15807096b76958282b5b8","12","33","45"
"timdorr","2016-08-27 23:06:53","web-flow","2016-08-27 23:06:53","b6e29ea1020f5cd06273d2357a5c5ba813c27a92","12","3","15"
"jimbolla","2016-08-27 15:40:51","jimbolla","2016-08-27 15:40:51","836d3a33441ecd48f5549bb2c9431af61d2ec269","12","3","15"
"timdorr","2016-08-27 00:48:02","web-flow","2016-08-27 00:48:02","f54403add895aa92400d7bcd9d13c5244d087947","25","124","149"
"jimbolla","2016-08-25 12:07:27","jimbolla","2016-08-25 12:07:27","78b4b781bc6410fb90b93abda8cd4c1bf1f6c5c8","5","9","14"
"jimbolla","2016-08-24 01:07:53","jimbolla","2016-08-24 01:07:53","ec641a78986886e8d2f99e3f640017db1dd43797","6","2","8"
"jimbolla","2016-08-24 00:49:02","jimbolla","2016-08-24 00:49:02","c7f0efd097642b913bf7ca6486ff0028156bcbf3","25","124","149"
"timdorr","2016-08-19 15:15:29","web-flow","2016-08-19 15:15:29","77a9aa4547df07d29dc96114c17e96f154871b89","2","55","57"
"vhmth","2016-08-18 22:55:26","vhmth","2016-08-18 23:08:26","6cb82a52ee6751f36ef1c2759ca083161ad3f2ff","1","53","54"
"vhmth","2016-08-18 08:47:48","vhmth","2016-08-18 08:57:23","fbb89ae4e10bdbe585eaf8744a9bf4a0cf48efb4","2","3","5"
"timdorr","2016-08-16 23:43:35","web-flow","2016-08-16 23:43:35","edb93bd5b96ecd70ab86bb4dd00e289eec59d50e","7","23","30"
"timdorr","2016-08-16 23:37:49","timdorr","2016-08-16 23:40:39","4dae144a576e2735119dae3b21a07f400e8830db","7","23","30"
"timdorr","2016-08-16 23:13:08","web-flow","2016-08-16 23:13:08","dccf87c5811ef42e67cd28431618f17e0dea2741","9","28","37"
"timdorr","2016-08-16 23:04:38","timdorr","2016-08-16 23:08:40","464a2cf01463085f793716372ec2716b9a971c89","9","28","37"
"timdorr","2016-08-14 15:08:52","timdorr","2016-08-14 15:08:52","b6e368485cba9fc41499d94e894b3a1e532ab58a","395","842","1237"
"jimbolla","2016-07-16 18:53:28","jimbolla","2016-07-16 18:53:28","a4d321119fce95baa63127e0cf7701b900f32644","9","16","25"
"jimbolla","2016-07-16 18:28:29","jimbolla","2016-07-16 18:28:29","a6d82f0fcb2e661f9d6f3a799dd055d1dfca982f","0","12","12"
"jimbolla","2016-07-16 18:24:24","jimbolla","2016-07-16 18:24:24","e907f858ae78e6ee686f85d033f9d108dcda3c5c","0","23","23"
"jimbolla","2016-07-16 18:23:04","jimbolla","2016-07-16 18:23:04","e2df05103a47b54220a5dbfcba7ec4e93dc1754b","0","13","13"
"jimbolla","2016-07-16 18:05:46","jimbolla","2016-07-16 18:05:46","de81801ae90ffb9f7dff95b3a278e7e5bb400361","9","66","75"
"jimbolla","2016-07-16 17:45:31","jimbolla","2016-07-16 17:45:31","3c5c80e757c4f6e4127fb10d5b6ccd8c88aead6c","31","27","58"
"jimbolla","2016-07-16 16:31:46","jimbolla","2016-07-16 16:31:46","3cc504f05d1e25369d0d81f615f1d1a5a1a55cfc","41","50","91"
"jimbolla","2016-07-15 21:56:37","jimbolla","2016-07-15 23:56:02","86a4bbe6a488df2c36f28800fdab6e88d3f6e328","190","241","431"
"jimbolla","2016-07-14 06:13:38","jimbolla","2016-07-14 06:13:38","55b49b2503121c234d783eeeaf1f896b0453332b","76","66","142"
"jimbolla","2016-07-14 05:25:56","jimbolla","2016-07-14 05:25:56","1120555b76cae2876307b949f5e614804052b56c","1","1","2"
"jimbolla","2016-07-13 21:45:05","jimbolla","2016-07-14 00:36:02","5ec814388c228a1220a6dbdcd2494862075da66a","237","263","500"
"jimbolla","2016-07-12 01:25:51","jimbolla","2016-07-12 03:20:02","1cb72c025a1798342fd569098adf0e9f562e9843","181","168","349"
"jimbolla","2016-07-11 01:51:28","jimbolla","2016-07-11 04:43:34","44fd92d1fe8cb720a835be5911e5ff155d7c94a7","95","101","196"
"jimbolla","2016-07-11 01:47:35","jimbolla","2016-07-11 01:47:35","418b6596293f1a126a718cd3a2025d495095d3a5","41","32","73"
"timdorr","2016-07-10 17:04:51","web-flow","2016-07-10 17:04:51","c5a79ab8838155f416be569712204d45b440b618","1","1","2"
"timdorr","2016-07-10 17:04:10","web-flow","2016-07-10 17:04:10","313f632dd2ed7c8915b3b41cc8b22a2b8de188cb","26","1","27"
"timdorr","2016-07-10 17:03:38","web-flow","2016-07-10 17:03:38","954b456317aab39cf93869e705050c6f75786be6","0","16","16"
"jimbolla","2016-07-10 13:32:33","jimbolla","2016-07-10 13:32:33","d56c36d3d9891f62a9de9342c925ef1d5cd91846","8","8","16"
"jimbolla","2016-07-10 13:28:14","jimbolla","2016-07-10 13:28:14","652d85cf28f5ce4f375a116f50595855f0ad0f45","80","83","163"
"jimbolla","2016-07-09 22:17:21","jimbolla","2016-07-09 22:17:21","a604856c8164d1c55aa66357ad015c950b573f19","6","5","11"
"jimbolla","2016-07-09 22:10:15","jimbolla","2016-07-09 22:10:15","67d6e13e8a82ba5b5d0dd0af966dc77526217770","25","41","66"
"jimbolla","2016-07-09 20:08:58","jimbolla","2016-07-09 20:08:58","35d175f9447fea419d151306d714c8fff266a9f2","19","19","38"
"jimbolla","2016-07-09 14:23:02","jimbolla","2016-07-09 14:23:02","cabd376b28c996c4dd6cfccd9b21459b437ac808","102","114","216"
"jimbolla","2016-07-09 01:52:47","jimbolla","2016-07-09 01:52:47","dab9c85b4b6480f9962688c3ba9ec426508d2879","88","103","191"
"markerikson","2016-07-08 14:59:30","web-flow","2016-07-08 14:59:30","939df4925de826cd96f2b4b1598f75295e76eba8","2","2","4"
"rhysd","2016-07-08 07:12:13","web-flow","2016-07-08 07:12:13","22e6c3ee6bb6336f9e0e6c9d0fd137019e8b14a4","2","2","4"
"madbonkey","2016-07-04 20:55:16","web-flow","2016-07-04 20:55:16","73ed6a57294681eaee246738d87314ec1cf7ffa6","1","1","2"
"jimbolla","2016-07-03 00:05:05","jimbolla","2016-07-03 00:05:05","395c4ee5ef6471430b318d4b2d13f1cde9b75f53","15","81","96"
"jimbolla","2016-07-02 21:54:43","jimbolla","2016-07-02 21:54:43","e284d8b561917dd7b22d8d03bce92ddce08afd41","1","2","3"
"gaearon","2016-07-01 11:47:18","web-flow","2016-07-01 11:47:18","ac12598e971ed629653c89ac473383462950c445","8","22","30"
"erykpiast","2016-06-29 07:11:01","web-flow","2016-06-29 07:11:01","91b548e171017bf53414f548b963125d3ec96ce9","1","1","2"
"erykpiast","2016-06-27 11:59:11","web-flow","2016-06-27 11:59:11","b80c6fbcec2e4ad62db24e34dfb3f8450d367e96","8","22","30"
"markerikson","2016-06-27 02:16:17","web-flow","2016-06-27 02:16:17","109196f9b0d70fa315d9a4122b3a94c173d64fa1","0","20","20"
"jimbolla","2016-06-26 20:55:24","jimbolla","2016-06-26 20:55:24","1e7f2d75bb9b780c66d1c3b05ade5558e01bf91e","1","1","2"
"jimbolla","2016-06-26 17:54:44","jimbolla","2016-06-26 17:55:46","5bc7b83c7f5bcd5fa2460432f47a4da5dba3cf95","2","2","4"
"erykpiast","2016-06-24 18:54:09","web-flow","2016-06-24 18:54:09","2eb1919cc494f80e211636e8b6175406e4cc3655","0","20","20"
"jimbolla","2016-06-24 18:27:55","jimbolla","2016-06-24 18:27:55","1e0a66ceccceb1fe46e253a1484d7764b1f9845c","4","4","8"
"jimbolla","2016-06-24 12:09:22","jimbolla","2016-06-24 12:09:22","30857f4e23e7c75ea7737132ac3ac7982171c8c5","50","32","82"
"jimbolla","2016-06-24 02:51:35","jimbolla","2016-06-24 02:51:35","0b9fd955d5dd6954050b1a672e05fc20b10b4e74","6","5","11"
"jimbolla","2016-06-23 16:30:25","jimbolla","2016-06-23 16:30:25","3287546d28e2d88f97218f1aa03e6db522fef749","10","7","17"
"jimbolla","2016-06-23 16:20:03","jimbolla","2016-06-23 16:20:03","8170f160d4246d5ece4c96eb87fba8541edf1860","54","30","84"
"jimbolla","2016-06-23 15:17:01","jimbolla","2016-06-23 15:17:01","ee77f3f8bd74c4e92f8e65502fd1402a57d83283","42","31","73"
"jimbolla","2016-06-23 13:42:37","jimbolla","2016-06-23 13:42:37","846c09bd70cbfa0c4d6d363c30358a207987e54e","20","19","39"
"jimbolla","2016-06-23 03:44:22","jimbolla","2016-06-23 03:44:22","78045dc4c1ad61bffc309120effa01e052e3e478","91","65","156"
"jimbolla","2016-06-23 00:51:41","jimbolla","2016-06-23 00:51:41","b1cc3d34c1c871925afb1dd28aad5e11bb1a2afc","66","60","126"
"gaearon","2016-06-22 22:44:47","web-flow","2016-06-22 22:44:47","8b2843aa19051f9aecc4eb3107878c90b622d5ec","0","0","0"
"jugend","2016-06-22 18:21:48","jugend","2016-06-22 18:21:48","422df55774db09395751ecbcb87c677d04f9ba36","0","0","0"
"jimbolla","2016-06-21 03:58:08","jimbolla","2016-06-21 03:58:08","4969368fe8a442fb60cd95de24a9d411b2086cd2","153","186","339"
"jimbolla","2016-06-20 04:42:42","jimbolla","2016-06-20 04:42:42","e51315ffc75d5eb5fccdeabc781e69eb9a7d0c4e","17","21","38"
"jimbolla","2016-06-20 03:02:29","jimbolla","2016-06-20 03:02:29","a45ae2312c403779ebce9c513aab0b6937769578","43","44","87"
"jimbolla","2016-06-20 02:18:24","jimbolla","2016-06-20 02:18:24","d4686d8a64ad638bc50a6c05c24fb51b24c86c8a","2","6","8"
"jimbolla","2016-06-20 01:48:41","jimbolla","2016-06-20 01:48:41","09069040b70a34eb26549981522a147a488b5152","118","211","329"
"jimbolla","2016-06-19 15:43:57","jimbolla","2016-06-19 15:43:57","03c62ef1c187a9a8993679a61a24dbaf17875997","22","21","43"
"jimbolla","2016-06-19 15:27:32","jimbolla","2016-06-19 15:27:32","5f0f85fbcf6f49a46c1a96d43918d3a1e3535a93","27","28","55"
"jimbolla","2016-06-19 14:49:48","jimbolla","2016-06-19 14:49:48","1b8fb69bca8ffaced11cf7857c9f891db50b1084","64","106","170"
"jimbolla","2016-06-18 23:44:09","jimbolla","2016-06-18 23:44:09","39fbe00e6953289dc6914007b29a003cd30381c4","0","1","1"
"jimbolla","2016-06-18 23:41:26","jimbolla","2016-06-18 23:41:26","ed52f05e71a1c8ab17fa0aa1aa48ee0ecf27bb20","1","2","3"
"jimbolla","2016-06-18 22:54:58","jimbolla","2016-06-18 22:54:58","9fef522d5702d0398d68ce3da75535c71ce86979","9","9","18"
"jimbolla","2016-06-18 15:58:19","jimbolla","2016-06-18 15:58:19","c72bcc066ad98990bbf2dda7d00e535ec0bb8585","5","4","9"
"jimbolla","2016-06-18 15:27:47","jimbolla","2016-06-18 15:27:47","ce499332978af63dec63d81e743171bd54a7a76c","12","9","21"
"jimbolla","2016-06-18 14:42:48","jimbolla","2016-06-18 14:42:48","859d7954cca28a2cb1a78fd4e232a03a2523d151","34","34","68"
"jimbolla","2016-06-18 12:48:40","jimbolla","2016-06-18 12:48:40","d2b98445a53b1e06ff1874ca4210f8a2cebdf7ec","5","24","29"
"jimbolla","2016-06-18 06:46:15","jimbolla","2016-06-18 06:46:15","88e768b0bddb6fca7d6f04a123c0ea6c9a025379","17","41","58"
"jimbolla","2016-06-18 00:16:04","jimbolla","2016-06-18 00:16:04","e2e71085935a5eaca8235676eb31aa53465d8086","85","136","221"
"jimbolla","2016-06-17 20:14:38","jimbolla","2016-06-17 20:14:38","2ae0c3caac777705b8ab0885c2e8f1e43fc910bb","31","50","81"
"jimbolla","2016-06-17 18:06:12","jimbolla","2016-06-17 18:06:12","70395c972e5625868f981bc07b064ae7381decb5","46","48","94"
"jimbolla","2016-06-17 17:39:18","jimbolla","2016-06-17 17:39:18","b769209bda51f8ff3837a2cb08cf51f70a992027","33","53","86"
"jimbolla","2016-06-17 16:38:01","jimbolla","2016-06-17 16:38:01","3e1ddbd63a55585b0e844cb07f6f286d48be075b","16","29","45"
"jimbolla","2016-06-17 16:08:59","jimbolla","2016-06-17 16:08:59","9de43b2509d649622c7b9d90ed490f44df2c530d","11","11","22"
"jimbolla","2016-06-17 14:27:48","jimbolla","2016-06-17 14:27:48","cd75a22764d0fcf8be3d8fc74da1fb3063c11ae9","8","13","21"
"","2016-06-17 13:39:51","web-flow","2016-06-17 13:39:51","6a280da520189430ff6d269820693ee0f6ba8e8e","0","16","16"
"jimbolla","2016-06-17 05:21:33","jimbolla","2016-06-17 05:21:33","74e0e09b797a4429b5acb1d301c10b12cffbfe79","5","13","18"
"jimbolla","2016-06-17 04:33:08","jimbolla","2016-06-17 04:33:08","4dbeeb1a0787838f344dbeb69667601e8535a0e2","0","2","2"
"jimbolla","2016-06-17 00:58:50","jimbolla","2016-06-17 01:22:03","3266aa9c8e384f1219d6ecd9d8568366eb7e7f91","21","32","53"
"jimbolla","2016-06-17 00:40:04","jimbolla","2016-06-17 00:40:04","71655adda6be573c16131ad22390edf1d6b74f38","19","15","34"
"jimbolla","2016-06-17 00:13:17","jimbolla","2016-06-17 00:13:17","81434df164b8e5c091bd9d211b12421135786e73","21","21","42"
"jimbolla","2016-06-17 00:12:01","jimbolla","2016-06-17 00:12:01","612562df84737f285d9d6d4f785ee108e1112fe0","5","7","12"
"jimbolla","2016-06-16 23:36:42","jimbolla","2016-06-16 23:36:42","7890b4c8fafcbbb17d1e22315de98d83d78f8f65","1","1","2"
"jimbolla","2016-06-16 23:33:58","jimbolla","2016-06-16 23:33:58","5e72f23fca302034832ccd6f6a4316891c236859","21","1","22"
"jimbolla","2016-06-16 22:48:33","jimbolla","2016-06-16 22:48:33","67868248eda7821ec3e89e065fa470b84bf7fb00","151","96","247"
"jimbolla","2016-06-16 21:18:35","jimbolla","2016-06-16 21:18:35","3416b4223433f8518de1c77cccb323c6748592e4","33","38","71"
"jimbolla","2016-06-16 21:04:03","jimbolla","2016-06-16 21:04:03","5a631ab2c769e81e2af9ea4822c98ec76cbd3293","13","13","26"
"jimbolla","2016-06-16 04:06:49","jimbolla","2016-06-16 04:06:49","cde8ba2200279114ad95f126c8ec3e445cd6b20a","3","3","6"
"jimbolla","2016-06-16 04:02:15","jimbolla","2016-06-16 04:03:48","106ded6a259c66ec8f331c811a7a02c0c475d8e5","4","8","12"
"jimbolla","2016-06-16 03:58:38","jimbolla","2016-06-16 03:58:38","27f613da6902d40fc449622d0716b09cbe9ea673","3","3","6"
"jimbolla","2016-06-16 03:42:47","jimbolla","2016-06-16 03:42:47","a12c1ece627f8c8e35684a28514fc582b597ff31","2","2","4"
"jimbolla","2016-06-16 03:06:59","jimbolla","2016-06-16 03:06:59","9967a18208bf554ac6e1c38faf054926e489c675","7","7","14"
"jimbolla","2016-06-16 03:04:20","jimbolla","2016-06-16 03:04:20","fe7358cae716570bd294800311817c29e2e4b305","28","26","54"
"jimbolla","2016-06-16 01:42:00","jimbolla","2016-06-16 01:42:00","2aec4363aa070e0da59ce92efb24bbe8adff14cb","1","7","8"
"jimbolla","2016-06-16 01:23:02","jimbolla","2016-06-16 01:23:02","ee4366b9a420f93483df3ce6c12bc72bc83f7d18","331","303","634"
"gaearon","2016-04-21 14:53:32","gaearon","2016-04-21 14:53:32","253ce8b3068d9d9bfe55f70a6f18a5fde313b326","2","3","5"
"stevemao","2016-04-21 14:47:17","stevemao","2016-04-21 14:47:17","4e87be087e4702d27eb824ac2762c8c60e281749","2","3","5"
"gaearon","2016-04-21 12:44:53","gaearon","2016-04-21 12:44:53","eed6c5ae1782de5518c010f0c2be84a82b74d3c0","1","1","2"
"pbernasconi","2016-04-20 22:44:30","pbernasconi","2016-04-21 12:34:23","a94223cfb5a875b9b6c4fa9b1b6f18bb9ef931ff","1","1","2"
"gaearon","2016-04-18 14:55:53","gaearon","2016-04-18 14:55:53","1ef78c06fcf9da891fc5394964763e625607f8b5","2","1","3"
"koistya","2016-04-18 12:51:28","koistya","2016-04-18 12:51:28","c20ae482a274dd2002b7814dd46ac503efb300ec","2","1","3"
"gaearon","2016-04-14 16:12:39","gaearon","2016-04-14 16:13:32","e06a0a730490dddc669157bff2d751bce987681b","1","1","2"
"gaearon","2016-04-14 16:12:03","gaearon","2016-04-14 16:12:03","d8925f52fb8c5eab5ca95c212f8cbf7d67afd869","11","7","18"
"gaearon","2016-04-14 16:09:24","gaearon","2016-04-14 16:11:07","ea53d6fb076359a864a1d543568d951d4b3eab3d","1","102","103"
"ratson","2016-04-13 16:21:42","ratson","2016-04-13 16:21:42","32d6e0601ac16a6b66277908623c1c78b6ff75ef","11","7","18"
"gaearon","2016-04-13 15:53:45","gaearon","2016-04-13 15:53:45","85982f64ed891c6e191e46a1d076edf569670f2e","0","35","35"
"gaearon","2016-04-12 19:16:20","gaearon","2016-04-12 19:16:20","1ebdad0b61a19780dc77bf198c32b8daa1fe63f1","1","1","2"
"gaearon","2016-04-12 19:15:42","gaearon","2016-04-12 19:15:42","0cc063b2b451754b57ed5e7023ae465dec67114e","6","63","69"
"gaearon","2016-04-12 18:57:38","gaearon","2016-04-12 19:08:43","388c050f1b50db86d691741e1d3a66cc6013558f","6","63","69"
"gaearon","2016-04-12 17:49:09","gaearon","2016-04-12 17:49:09","a0947cff06796355af5508c905cbb66ad9807fc3","1","1","2"
"gaearon","2016-04-12 14:47:27","gaearon","2016-04-12 14:47:27","595f255cacc77baf2e7a2165ff4339256c5007e7","2","2","4"
"gaearon","2016-04-12 12:18:32","gaearon","2016-04-12 12:18:32","90f427bc3da274162d69dc336e3b8e94c3087b24","82","164","246"
"gaearon","2016-04-12 11:53:25","gaearon","2016-04-12 11:53:25","71de1696bf98bad2baeab68a5f155b8547d3b634","36","34","70"
"chentsulin","2016-04-11 03:38:53","chentsulin","2016-04-11 03:38:53","a2f620b3a6f3b91c6788e087cb7b87668f28418b","21","21","42"
"chentsulin","2016-04-10 01:50:00","chentsulin","2016-04-10 05:13:38","72aa365404989cd778bd6ccf6326aa71c9f43bcc","21","17","38"
"gaearon","2016-04-08 23:18:38","gaearon","2016-04-08 23:18:38","e55e93a25562cbf6a69ce21aadbbf8d5e939bd48","1","1","2"
"gaearon","2016-04-08 23:18:24","gaearon","2016-04-08 23:18:24","da106bd49269285565b759dcb6a28a3bca22eb4b","1","1","2"
"gaearon","2016-04-08 23:17:30","gaearon","2016-04-08 23:17:30","0c78d462c0597eb01cecec3fe6d9ef08cf4bfc9a","1","34","35"
"tgriesser","2016-04-06 19:05:13","tgriesser","2016-04-06 19:16:44","1d899748740d6f99f3d1d8efe6a38176e82dc545","1","34","35"
"chentsulin","2016-04-06 08:25:46","chentsulin","2016-04-06 08:25:46","9d16da2cdb2157daf2da22a8cdd66da03b9a40aa","18","20","38"
"gaearon","2016-04-02 18:25:59","gaearon","2016-04-02 18:25:59","2d5ee79627b6e2dc3ff2e23a395091334a64ef28","1","9","10"
"joshwcomeau","2016-03-30 12:03:50","joshwcomeau","2016-04-02 18:02:11","2c050775081b27d846e0827d512ee3a3f607535c","1","9","10"
"gaearon","2016-04-02 17:47:54","gaearon","2016-04-02 17:47:54","23be1e04781059f05970ad00f10a8b660c5f78da","0","17","17"
"haohcraft","2016-03-22 01:07:31","haohcraft","2016-03-22 01:07:31","d33914b99b84c6184a14bbf829f912f03a8e577a","0","17","17"
"gaearon","2016-03-17 15:49:02","gaearon","2016-03-17 15:49:02","93cdfaeaf9d3e5400ffc05fe9d177118286109ca","17","17","34"
"cwheikki","2016-03-13 02:53:50","cwheikki","2016-03-13 02:53:50","6b605302cead9fbdb0a36f9345a444daa3e18c7c","5","5","10"
"gaearon","2016-03-13 00:09:24","gaearon","2016-03-13 00:09:24","4e01d9fbd7ecc7e8bb75679349c5b2499c55b729","1","1","2"
"gaearon","2016-03-13 00:07:26","gaearon","2016-03-13 00:07:26","3f304a6e240609a0363ca168db48bac32baf626b","1","1","2"
"chentsulin","2016-03-08 04:55:51","chentsulin","2016-03-08 04:55:51","522d459ed1468f9868610169ddfbdcffc9415b9d","1","1","2"
"cwheikki","2016-03-08 04:08:39","cwheikki","2016-03-08 04:08:39","f4f101b715460b2a1d6730ce4bf68e1145bcec9d","21","21","42"
"gaearon","2016-03-05 00:58:03","gaearon","2016-03-05 00:58:03","2d8f257c59d5dad455647d5020094ae07411c070","1","3","4"
"gaearon","2016-03-05 00:54:36","gaearon","2016-03-05 00:54:36","596977bb74872c2fc2529579594c0cdd4ec06644","1","1","2"
"gaearon","2016-03-01 16:36:15","gaearon","2016-03-01 16:36:15","1619f9530cc36884fcb37c44366323a8e5e252bf","1","1","2"
"grifotv","2016-03-01 16:26:01","grifotv","2016-03-01 16:26:01","5679c0f24f6175ef2e3d7845a7a5ae67cf944d45","1","1","2"
"gaearon","2016-02-20 15:49:18","gaearon","2016-02-20 15:49:18","936dc13bb0a995bfbb99523e7de92683d69254b9","1","1","2"
"jbovenschen","2016-02-20 12:27:11","jbovenschen","2016-02-20 12:27:11","803010b511aeb3ac51ca08504fbfdb3992036207","1","1","2"
"gaearon","2016-02-19 22:14:07","gaearon","2016-02-19 22:14:07","fa749db83da19b8bb3a86170c2bbce605b9eb1d8","1","1","2"
"mjrussell","2016-02-19 19:42:23","mjrussell","2016-02-19 19:42:23","d1da9905d65fd3d88a4751ff0a72cf249c6c2af8","1","1","2"
"gaearon","2016-02-05 21:55:27","gaearon","2016-02-05 21:55:27","9c50ae13b84a9fe1702190a94bf900e4ffa32a26","1","1","2"
"gaearon","2016-02-05 21:54:38","gaearon","2016-02-05 21:54:52","a4330afc6d415df1c3547f7dc5fb6b713c06291c","1","0","1"
"gaearon","2016-02-04 19:18:26","gaearon","2016-02-04 19:18:26","708e17447db1a277eb1c13114a9ee1c80afcfe5d","1","1","2"
"gaearon","2016-02-04 19:18:10","gaearon","2016-02-04 19:18:10","7ee928b23ea0ad15e22b51d7d4aff5eb1a0f95b5","1","5","6"
"gaearon","2016-02-04 19:11:43","gaearon","2016-02-04 19:11:43","adc805aaf63d5252ccb953f19d5a1e998e072e46","44","210","254"
"tgriesser","2016-02-04 05:28:22","tgriesser","2016-02-04 05:28:22","1da657e0e0207090a307c35d09d407e5d65d52f9","4","42","46"
"tgriesser","2016-02-04 00:31:02","tgriesser","2016-02-04 00:41:41","4bb0087a66071d815c613d0339799b12558b1fa0","43","171","214"
"gaearon","2016-02-03 18:06:11","gaearon","2016-02-03 18:06:11","89645d64cfb92f37f096ec1a6a40056fc7390dca","0","5","5"
"gaearon","2016-02-02 22:02:23","gaearon","2016-02-02 22:02:23","22cf67b7886779ea51deac7a9f79716e7c1569eb","1","1","2"
"gaearon","2016-02-02 22:02:15","gaearon","2016-02-02 22:02:15","813fa5399ce6f4d372e4d0f94008992203d6c056","1","1","2"
"gaearon","2016-02-02 22:01:35","gaearon","2016-02-02 22:01:35","e1895be8ad712f4aba442706eb64f825c9804ae7","148","0","148"
"gaearon","2016-02-02 12:37:27","gaearon","2016-02-02 12:37:27","65a80f89dbad5e1d3d4ff8ec11472ce0c966aad5","58","111","169"
"gaearon","2016-02-02 11:33:15","gaearon","2016-02-02 11:34:47","0eda22146c55103b625aa15f1cf90e1132cb9505","1","1","2"
"gaearon","2016-02-02 11:33:07","gaearon","2016-02-02 11:34:47","b9cbae6e2f1002beda887f81468bbb42806b5268","1","1","2"
"gaearon","2016-02-02 11:31:47","gaearon","2016-02-02 11:31:47","59d5107795881c22b541ce59210cbe439ec72d05","1","1","2"
"ryanbrainard","2016-02-02 08:06:18","ryanbrainard","2016-02-02 08:06:18","65b4027d38693b6679aed0e170f8d2cd910bd8d9","1","1","2"
"gaearon","2016-02-01 18:12:24","gaearon","2016-02-01 18:12:24","4f1d1c3c185ac83c1f52c0ae4c613a8fe9d75ac2","1","1","2"
"gaearon","2016-02-01 18:12:12","gaearon","2016-02-01 18:12:12","c4ef6f9417438b887be683d4720ffa6fb4b207f9","47","10","57"
"gaearon","2016-02-01 18:03:09","gaearon","2016-02-01 18:03:09","1cba5a4bf68a7f07320b2f1f99bfdbd76ee73aae","40","27","67"
"gaearon","2016-01-29 17:34:46","gaearon","2016-01-29 17:34:46","0ec547ec39a8139993124161e5c20142a289c2c0","1","1","2"
"gaearon","2016-01-29 17:34:29","gaearon","2016-01-29 17:34:29","208efae97b59c39930533c6b3825a23f6f3d4b33","19","29","48"
"gaearon","2016-01-28 20:02:02","gaearon","2016-01-28 20:02:02","993783728faa5f8729b9551a62b640e9a600ea9f","1","1","2"
"gaearon","2016-01-28 20:01:45","gaearon","2016-01-28 20:01:45","a3fb0f51c6d41e404ca038b07dd045723ec4c0cb","1","2","3"
"gaearon","2016-01-28 18:13:57","gaearon","2016-01-28 18:13:57","15838875d42bbf9c783244ef188ab715d03b9cfb","1","1","2"
"gaearon","2016-01-28 16:16:00","gaearon","2016-01-28 16:16:00","dc0e7d2ed8a5992e8ff36fe805a9dadc2bb7f971","0","5","5"
"e-jigsaw","2016-01-28 16:14:07","e-jigsaw","2016-01-28 16:14:07","0de9d5ee0d455d569b11d7e82f70de45462ec766","0","5","5"
"zackify","2016-01-20 00:32:43","zackify","2016-01-20 00:32:43","7e7d576767b92c5f6036153e1700337f62cad05a","1","1","2"
"ellbee","2016-01-19 09:03:18","ellbee","2016-01-19 09:23:31","3a96902e824fe2ebb2ae13df9c1fa7b52439d4ed","25","32","57"
"gaearon","2015-12-28 22:19:15","gaearon","2015-12-28 22:19:15","4fca3cbc736b7462de65f589d3b0fdab0cb7a495","1","1","2"
"gaearon","2015-12-28 22:16:59","gaearon","2015-12-28 22:16:59","7dc3625b6428b2a79da2b2fda58f053ec17bf4f4","22","34","56"
"gaearon","2015-12-28 22:09:30","gaearon","2015-12-28 22:09:33","caae2e1d53775b89716683f7d6a5d8302cad5a87","19","31","50"
"gaearon","2015-12-28 21:58:49","gaearon","2015-12-28 21:58:49","f7c5a42d2270e6902337da93eeb09be505e35889","3","3","6"
"gaearon","2015-12-24 16:22:34","gaearon","2015-12-24 16:22:34","25694df7e56c07a8c8077f126473d679ddbbedc5","1","1","2"
"gaearon","2015-12-24 16:21:32","gaearon","2015-12-24 16:21:34","04693ca0cabe021b27b62eb9240b51459ffe8c32","1","1","2"
"gaearon","2015-12-23 11:20:10","gaearon","2015-12-23 11:20:10","b35f8be00dae2af16a2b4eb12947ed616bc39279","1","1","2"
"gaearon","2015-12-23 11:19:50","gaearon","2015-12-23 11:19:53","a94ea6d01853d6262c278e9196246597153c97d9","2","4","6"
"gaearon","2015-12-22 14:00:46","gaearon","2015-12-22 14:00:46","bccca077810366b91afe2592351b4466aebefd1d","1","1","2"
"gaearon","2015-12-22 12:43:16","gaearon","2015-12-22 12:43:16","331f19c40bb2ab692f35ed947225261c28b96130","1","1","2"
"gaearon","2015-12-22 12:42:52","gaearon","2015-12-22 12:42:52","db78da81789e3822c48d68acbafdc16c0c84664a","66","141","207"
"gaearon","2015-12-22 12:42:20","gaearon","2015-12-22 12:42:20","85576152f9ea9ee2a7f0b9a5a97e5d4476cb0b77","7","14","21"
"gaearon","2015-12-22 12:35:29","gaearon","2015-12-22 12:35:29","98e5b5dbd9fc74a1fe8b46265f400bd88c2837ec","0","38","38"
"gaearon","2015-12-22 12:09:18","gaearon","2015-12-22 12:09:18","61c9c35d626c5e167086ce329ed1e63459671734","63","93","156"
"gaearon","2015-12-20 02:24:36","gaearon","2015-12-20 02:24:36","7eaf5dc31dfa72d95d0f172a7de94fa6de8ce0e3","1","1","2"
"gaearon","2015-12-20 02:02:54","gaearon","2015-12-20 02:02:54","a8c1abfee3f7e67d424593706d7f8305291872b7","1","1","2"
"","2015-11-20 15:45:55","gaearon","2015-12-20 01:59:13","0c05c01dcc8695a7ff02b23519787dd398e26937","11","11","22"
"gaearon","2015-12-15 15:14:36","gaearon","2015-12-15 15:14:36","74081e2913c0f02c80e2217a1271f1779497c308","2","2","4"
"Strajk","2015-12-15 08:06:00","Strajk","2015-12-15 08:06:00","6d7c269facdd50abc00503c5941dce3211f08c64","2","2","4"
"ellbee","2015-12-13 12:58:21","ellbee","2015-12-13 12:58:21","4db942aab2c33bc72fc84d93ce1f4703374faeb5","0","73","73"
"gaearon","2015-12-12 19:30:29","gaearon","2015-12-12 19:30:29","34ee9f0188281ab67c26b0f14b9277b85d931aac","4","103","107"
"gaearon","2015-12-12 19:17:56","gaearon","2015-12-12 19:17:56","e33310ee0fb18907b7b007e5613fe1bd70677620","1","1","2"
"ellbee","2015-12-12 18:38:46","ellbee","2015-12-12 18:38:46","7f8c5bae4ff536f6a92b57b6cc801d357f45f346","1","1","2"
"ellbee","2015-12-12 18:25:31","ellbee","2015-12-12 18:25:31","a16c5d29ee889b13a912e13d218085d3f49b363e","2","2","4"
"gaearon","2015-12-12 17:49:13","gaearon","2015-12-12 17:49:13","823538fc83ed057bb3d917cce18256830572fd9f","1","5","6"
"gaearon","2015-12-12 17:49:08","gaearon","2015-12-12 17:49:08","d6860bbce289eedf66512c372a25a42de83d17ac","9","16","25"
"pietropizzi","2015-12-11 14:40:46","pietropizzi","2015-12-11 14:40:46","bc4e2bfc28f83aa49ed3fc1fb1664323301ab3dc","1","5","6"
"martincik","2015-12-09 07:34:43","martincik","2015-12-09 07:34:43","f5973cf2ab9cb25168c38b468f202eeced0dfac8","37","1","38"
"martincik","2015-12-08 15:21:41","martincik","2015-12-08 15:21:41","3c082ea79cf521ff143748e33af0c835d633e804","2","3","5"
"martincik","2015-12-08 12:27:18","martincik","2015-12-08 12:27:18","5f66058e817faabf095cc540ee545834e817b2a8","0","2","2"
"martincik","2015-12-08 11:36:13","martincik","2015-12-08 11:36:13","4bff3554a3c50b712ad73379933039626dce5695","6","4","10"
"martincik","2015-12-08 10:28:19","martincik","2015-12-08 10:28:19","bfd956f38e79585092ba89585e9d4be08c55e417","0","1","1"
"martincik","2015-12-08 10:21:29","martincik","2015-12-08 10:21:29","1d9294afad48d899c104bf2413b86880bc11462a","7","48","55"
"ellbee","2015-11-27 14:45:35","ellbee","2015-11-27 14:45:35","efcd8b8e815fbe4ddc2b766b0da6d5880e66a51f","4","2","6"
"ellbee","2015-11-27 14:32:31","ellbee","2015-11-27 14:32:31","81d47affcde4012c5b95dfeb39a5cc0443a06366","3","1","4"
"ellbee","2015-11-27 14:11:32","ellbee","2015-11-27 14:11:32","a0b047f7fc922acdb5ebb4c5776c7a2c66f3c6f8","1","1","2"
"gaearon","2015-11-25 18:43:53","gaearon","2015-11-25 18:43:53","addd78182eb6711caab305079fa8c6f004580659","1","1","2"
"omnidan","2015-11-14 10:01:58","omnidan","2015-11-14 10:01:58","b2b9f077600d6a648e75ba0bee38131baa68a58d","9","9","18"
"camsong","2015-11-14 03:04:04","camsong","2015-11-14 03:31:39","bcd33021cd0036edd4b544552a4e2f4d1aa6c273","9","9","18"
"planetcohen","2015-11-13 17:15:32","planetcohen","2015-11-13 17:15:32","e964931e138ad21a1746398b493ee93b1b2c14c3","0","95","95"
"planetcohen","2015-11-13 16:47:58","planetcohen","2015-11-13 16:47:58","6c504b966839be0e739d5a566c8fb844c27a6c44","4","8","12"
"gaearon","2015-11-12 22:18:11","gaearon","2015-11-12 22:18:11","8a096db4879408fa293764e7d94fe5edb2a5866f","1","1","2"
"tgriesser","2015-11-12 22:16:51","tgriesser","2015-11-12 22:16:51","8e10bc179395e57edc88d817a810c211c639cf26","0","1","1"
"tgriesser","2015-11-11 18:21:11","tgriesser","2015-11-11 18:21:11","65728867009e105601362fb47950528c912b2639","1","0","1"
"timdorr","2015-11-06 16:01:12","timdorr","2015-11-06 16:01:12","777652d42f77573a339bdbb6a46ce250b4f4190d","0","7","7"
"omnidan","2015-11-05 16:03:39","omnidan","2015-11-05 16:03:39","c2acf955b8fb33dac3bc45dd35a2ce3e226b9dfd","10","8","18"
"sirreal","2015-11-05 15:23:39","sirreal","2015-11-05 15:23:39","783bbcfa058961fd8d595340e9bb97c820e944a2","10","8","18"
"gaearon","2015-11-03 00:27:40","gaearon","2015-11-03 00:27:40","07504d5b4cc432cad78576e2094b3ea3ac3b13f5","808","804","1612"
"ellbee","2015-11-02 20:24:33","ellbee","2015-11-02 20:24:33","2c8f9a79dab8c1aee32251041928dfef28f6f12b","17","17","34"
"ellbee","2015-11-02 20:22:22","ellbee","2015-11-02 20:22:22","01e7dcc04715897f8698c0e6fb1b529f0200e5d9","64","64","128"
"ellbee","2015-11-02 20:19:50","ellbee","2015-11-02 20:19:50","a2dff763dd9a325cdc437bce974f01c5c0f6df45","591","591","1182"
"ellbee","2015-11-02 20:14:40","ellbee","2015-11-02 20:14:40","6c03cb78b337fa6fa705e18a1b369e83d097e42f","124","124","248"
"ellbee","2015-11-02 20:05:25","ellbee","2015-11-02 20:05:25","a79715d75736d59de04b95cd85e66dc85fa4218d","12","8","20"
"acdlite","2015-10-30 17:52:51","acdlite","2015-10-30 17:52:51","eafe60f269672c02343294a94da1be14963315ce","3","3","6"
"camsong","2015-10-30 17:11:08","camsong","2015-10-30 17:11:08","500a3e220ee41cda0a627093259e44c184c4954e","3","3","6"
"gaearon","2015-10-23 11:29:21","gaearon","2015-10-23 11:29:21","ae1f1f4e3c13f77232372606ed41c9752a92a05f","1","5","6"
"gaearon","2015-10-15 15:15:57","gaearon","2015-10-15 15:15:57","730710c33a75c2da186c34d06f665f24315559aa","8","6","14"
"gaearon","2015-10-15 15:11:14","gaearon","2015-10-15 15:11:14","75c88e6a2ba4bef6da322378b5b6cf2d47d58e6d","8","6","14"
"gaearon","2015-10-15 12:17:44","gaearon","2015-10-15 12:17:44","fdbc579a10e015c884a92e28a69d1f66488273a5","1","1","2"
"gaearon","2015-10-15 12:17:23","gaearon","2015-10-15 12:17:23","084cedbde87dd88f8a97ac703624ab021c69c355","539","427","966"
"gaearon","2015-10-15 12:09:21","gaearon","2015-10-15 12:14:56","11dee1f1023e2b4df7c8597672ed4b8490240ea8","30","46","76"
"gaearon","2015-10-15 11:18:50","gaearon","2015-10-15 11:18:50","2d3d0beade55477b3af65534ceb793db18b25705","7","61","68"
"gaearon","2015-10-15 10:20:12","gaearon","2015-10-15 10:41:59","c54ffd976a14ffba549df1ee6bf3b39f499aa734","506","324","830"
"gaearon","2015-10-12 15:19:11","gaearon","2015-10-12 15:19:11","69de34f45680b99a9a99dac227931f86875ec470","1","1","2"
"epeli","2015-10-12 14:37:46","epeli","2015-10-12 14:37:46","84f13725b6862822bb5d1ba2cd88b8786cfc131c","1","1","2"
"gaearon","2015-10-09 15:51:12","gaearon","2015-10-09 15:51:12","3f90174949372cde9f043d0a13ce5f220221a7a9","1","1","2"
"starfunder","2015-10-09 15:36:22","starfunder","2015-10-09 15:36:22","0518631887a4a23e6728027aef5606bf5be57588","1","1","2"
"gaearon","2015-10-05 08:43:36","gaearon","2015-10-05 08:43:36","f9dfe461b730530c1a04061d6018540173efd5d1","1","1","2"
"gaearon","2015-10-05 08:38:56","gaearon","2015-10-05 08:38:56","f7c9ac17c18fef310352d691c067310c2b3d524f","7","3","10"
"gaearon","2015-10-05 08:37:48","gaearon","2015-10-05 08:37:48","441c359c8a02a8b00ed068d4e15e1cee258bb80c","22","26","48"
"mattydoincode","2015-10-02 19:47:20","mattydoincode","2015-10-02 19:47:20","ef14a40e3d628115b3568aac2289cb6457e16cb7","5","4","9"
"gaearon","2015-10-02 18:42:23","gaearon","2015-10-02 18:42:23","e2c7746612a3bf0ed7f7a4939776f491e2fbe8c0","1","1","2"
"djkirby","2015-10-02 17:22:27","djkirby","2015-10-02 17:22:27","251043ddf95bba3c4cbf5486cf2b392503cd4815","1","1","2"
"mattydoincode","2015-10-01 22:15:05","mattydoincode","2015-10-01 22:15:05","4aba27025f1ddd8b2aa5b6f4ffdb5bf55a39d479","2","5","7"
"mattydoincode","2015-10-01 22:12:02","mattydoincode","2015-10-01 22:12:02","0023d9f6cbd204e1f3dc9e1bc019caf50304a8b2","22","24","46"
"gaearon","2015-09-29 12:00:52","gaearon","2015-09-29 12:00:52","2f7ec22fbbf973ece5dd6af521516d00b54e69d7","1","21","22"
"erikras","2015-09-28 17:04:08","erikras","2015-09-28 17:04:08","5d7d44874e4b50a0da4ffc766dcfba7cf9e23941","1","21","22"
"gaearon","2015-09-28 12:36:08","gaearon","2015-09-28 12:36:08","5c5f3880ce2a7637a208e7464907cc212306d3df","1","1","2"
"gaearon","2015-09-28 12:35:37","gaearon","2015-09-28 12:35:37","284d6f7cb39ff0e302c0a13864756c437ec40fe7","0","61","61"
"epeli","2015-09-28 10:42:55","epeli","2015-09-28 11:00:51","8bc405d89f78ff0d80831057a05bd21d795ecad2","0","2","2"
"epeli","2015-09-28 10:42:34","epeli","2015-09-28 11:00:51","65256f42bc67678c0ff81462e1f950f9cac6d547","0","59","59"
"gaearon","2015-09-24 12:19:14","gaearon","2015-09-24 12:19:14","607dc96ef409e51a951fa79bfae375347b3ae880","1","3","4"
"gaearon","2015-09-24 12:17:33","gaearon","2015-09-24 12:17:33","5fbf3752f6ebab14df240155098e0e0624afb908","1","1","2"
"gaearon","2015-09-24 12:17:15","gaearon","2015-09-24 12:17:15","fea5e78ebf99bcf964628cca9d6922f818613cad","28","127","155"
"gaearon","2015-09-24 12:08:18","gaearon","2015-09-24 12:08:18","d2c33df7804a9bcda8c211b4eb448b8ad5227cc9","2","2","4"
"grrowl","2015-09-24 04:58:08","grrowl","2015-09-24 04:58:08","3d654e51f6ca2369e67c919c6909a36ff584a720","2","2","4"
"gaearon","2015-09-16 01:36:18","gaearon","2015-09-16 01:36:18","00b98d5ba7330c023fc35ae72646af07e7cad923","1","1","2"
"danmartinez101","2015-09-16 00:32:09","danmartinez101","2015-09-16 00:32:09","02ed4327bbcd7278455989b140d94722fc74d1a4","1","1","2"
"gaearon","2015-09-16 00:10:43","gaearon","2015-09-16 00:10:43","a714ee811cf6b12abe15df7b860184ed7ea5afd3","478","473","951"
"danmartinez101","2015-09-15 04:53:45","danmartinez101","2015-09-15 04:53:45","0ce3b9c6ad4ba132a7979fcdf2131134b49949bd","10","8","18"
"danmartinez101","2015-09-15 04:41:08","danmartinez101","2015-09-15 04:51:51","56a123d9e59925dd4173b67cd6b8ff44ccf30a3d","475","472","947"
"epeli","2015-09-09 11:36:01","epeli","2015-09-14 10:07:46","5ed9f40be79d70e5ee623f77fd186138d56784e4","0","33","33"
"epeli","2015-09-14 09:52:24","epeli","2015-09-14 10:07:46","b6272698d2fc9ff7f67014b3e527579f738cd81d","28","29","57"
"epeli","2015-09-09 10:14:16","epeli","2015-09-14 10:04:09","661e643b60b4eab4ec41296fe41d50c389ded3c1","0","65","65"
"gaearon","2015-09-13 00:40:38","gaearon","2015-09-13 00:40:38","5d5cf91056ccbfc41d114b36e04652f72461e321","3","3","6"
"gaearon","2015-09-13 00:37:26","gaearon","2015-09-13 00:37:26","460d951df01bc107dbf1c822a62ec3e0a2c885d5","9","8","17"
"gaearon","2015-09-12 23:54:46","gaearon","2015-09-12 23:54:46","12ef603eeccb859396d598ce7fdfa46e16180036","1","1","2"
"gaearon","2015-09-12 23:54:37","gaearon","2015-09-12 23:54:37","250e5a48149ed5eeb992b8df59ab72864da379a8","2","2","4"
"gaearon","2015-09-06 23:39:36","gaearon","2015-09-06 23:39:36","c2f71664cc82f0cec9ff2e0c0cf33ab294586752","1","1","2"
"gaearon","2015-09-06 23:38:55","gaearon","2015-09-06 23:38:55","a440b6ecdb1c0b4c6a707f3533f6ac7fdd643cd2","5","45","50"
"gaearon","2015-09-06 23:27:11","gaearon","2015-09-06 23:36:18","786189c7943e08f87c6361858fb8623d2584fa74","5","45","50"
"gaearon","2015-09-03 20:22:01","gaearon","2015-09-03 20:22:01","98021f02b6d4f4fa0eae2cb099b01630e003b175","12","15","27"
"gaearon","2015-09-03 20:19:49","gaearon","2015-09-03 20:19:49","50b9e0490a3b71b77778a915df44ed274f7e5835","4","4","8"
"gaearon","2015-09-03 20:16:53","gaearon","2015-09-03 20:16:53","715e67fe076a586941d71c5bfaff75a5345102df","1","1","2"
"gaearon","2015-09-03 20:16:44","gaearon","2015-09-03 20:16:44","402b46f78a1a91e928f398b033ef9ca17703e596","6","3","9"
"gaearon","2015-09-03 20:14:57","gaearon","2015-09-03 20:14:57","7831b929e67876f9d0d0cd0e45357aec1befd834","10","7","17"
"gaearon","2015-09-03 20:11:36","gaearon","2015-09-03 20:11:36","cde6123c1c079ee6eb38cc7d3a15c939f146ea56","4","85","89"
"dallonf","2015-09-03 18:51:44","dallonf","2015-09-03 18:51:44","7a920c2606a51576c1c27a05f920befc36b24522","1","1","2"
"dallonf","2015-09-03 18:45:09","dallonf","2015-09-03 18:45:09","ac3ec667ecdfe7fad768b8d40f66d1f2c90bb7fd","2","30","32"
"dallonf","2015-09-03 17:15:43","dallonf","2015-09-03 17:15:43","389e57e21a073cc88671f4aeb186917cbc9b6526","4","8","12"
"dallonf","2015-09-03 17:09:05","dallonf","2015-09-03 17:09:05","8b2049eba7933e47796e9c93a7edb5e2efa12440","0","49","49"
"gaearon","2015-09-02 16:35:10","gaearon","2015-09-02 16:35:10","72aa83fdecc42d6c6c1e7532a20552fbbda47819","1","1","2"
"gaearon","2015-09-02 14:45:56","gaearon","2015-09-02 14:45:56","bec6b783515537befb9f2a3def321cf2b21789d4","1","1","2"
"gaearon","2015-09-02 14:45:18","gaearon","2015-09-02 14:45:18","ce6ce7c0b8c0ecd262923ea8974e086a272217c3","0","5","5"
"gaearon","2015-09-02 12:32:51","gaearon","2015-09-02 12:32:51","098551f078c6c04e41d15da2612b23fe616e63b8","6","0","6"
"joaojeronimo","2015-09-02 10:19:30","joaojeronimo","2015-09-02 10:19:30","a92d9f7d8b5571ed3743aade95c9d648f32138e9","6","0","6"
"gnoff","2015-09-02 06:42:05","gnoff","2015-09-02 06:42:05","acce6acf82d3a910d368fa7edd09eb8386f80ec5","1","2","3"
"gnoff","2015-09-02 06:40:06","gnoff","2015-09-02 06:40:06","13f43dafd623e3b488f2dcbaa54d55242562eee8","1","2","3"
"gaearon","2015-09-01 00:55:00","gaearon","2015-09-01 00:55:00","66d9286fc8bf2f6f64d76df02be6ce49a69bf79a","1","1","2"
"gaearon","2015-09-01 00:53:46","gaearon","2015-09-01 00:53:46","ae4a3cc0c3844f93ad5948cc16a1087f804db5bc","10","1","11"
"gaearon","2015-09-01 00:53:06","gaearon","2015-09-01 00:53:06","020c91db3702d2548e1f23f420ef993c4d830cc3","10","1","11"
"gaearon","2015-09-01 00:51:58","gaearon","2015-09-01 00:51:58","302f2b362808efca40204b3bbc01464c8ce2ab1a","28","51","79"
"gaearon","2015-09-01 00:50:11","gaearon","2015-09-01 00:50:11","ecdc0942894af8e1b66278a65980efb003aadefd","28","51","79"
"gaearon","2015-08-28 23:14:07","gaearon","2015-08-28 23:14:07","10a72456433bb00f2615bf52177798b956bc2fd5","1","2","3"
"mikekidder","2015-08-28 23:10:01","mikekidder","2015-08-28 23:10:01","0959e948dfbb6b41731b26ecb2bc9f7e0707a96a","1","2","3"
"gaearon","2015-08-26 13:28:48","gaearon","2015-08-26 13:28:48","301730aed92260ab45b979d8faabc51987603f3c","0","6","6"
"gaearon","2015-08-26 02:20:54","gaearon","2015-08-26 02:20:54","eaa06b6c22b08ad8f699a902e32e590ba824659c","20","20","40"
"mindjuice","2015-08-26 00:47:10","mindjuice","2015-08-26 00:47:10","cdd42eb7817fec8c74ee9ff7613fab264334004c","20","20","40"
"gaearon","2015-08-25 17:35:51","gaearon","2015-08-25 17:35:51","b12f828cb6d944a93b27652a6911c7ad3e563486","1","1","2"
"gaearon","2015-08-25 17:33:43","gaearon","2015-08-25 17:33:43","e6efa61b17673a2b9bf36ae9d6139ea39595f2d1","1","1","2"
"gaearon","2015-08-25 17:33:07","gaearon","2015-08-25 17:33:07","cb809044f0fe79c732c7ad9dd506797583447c67","1","1","2"
"udfalkso","2015-08-25 17:13:07","udfalkso","2015-08-25 17:13:07","b820c3b2f8e4bea69a8b707df0a4a265ef0bbf0f","1","1","2"
"gaearon","2015-08-24 17:15:34","gaearon","2015-08-24 17:15:34","499016ec1c100361580c671e08c8424ef26699ed","2","2","4"
"gaearon","2015-08-24 17:14:25","gaearon","2015-08-24 17:14:25","351efa96f4656f53516376dd05703e17b8cc0d47","1","1","2"
"gaearon","2015-08-24 17:13:08","gaearon","2015-08-24 17:13:08","b18649e6b9a527800ba4dcac0628ee2cbc23e5b8","78","243","321"
"gaearon","2015-08-24 16:23:59","gaearon","2015-08-24 17:09:34","b8d7ee696d54e714a760c3a92e51376c70e384e5","78","243","321"
"gaearon","2015-08-24 17:09:08","gaearon","2015-08-24 17:09:19","ef2c39f252916b2248c90406de49949873ca431a","0","5","5"
"gaearon","2015-08-24 17:02:35","gaearon","2015-08-24 17:02:35","949c3992cadd64c1f517d6fb8f54952d622700db","0","12","12"
"gaearon","2015-08-24 15:04:34","gaearon","2015-08-24 15:04:47","dbec8ae7cae790fdaf6896656ef57cc6dcba7e40","175","170","345"
"gaearon","2015-08-23 18:44:38","gaearon","2015-08-23 18:44:38","441c73c66b44cf1d2e075c0e557fbe1544bdfbd3","1","5","6"
"gaearon","2015-08-23 18:42:27","gaearon","2015-08-23 18:42:27","0996a6b4a6c657eafd7df4ea663bd21ef9ef32c3","1","1","2"
"oliviertassinari","2015-08-23 18:11:54","oliviertassinari","2015-08-23 18:11:54","cd5e4350a12218cb8854399c24dd401fc8d17894","1","1","2"
"gaearon","2015-08-21 23:23:44","gaearon","2015-08-21 23:23:44","1a0239a6e5beaa93cef4447f128e98ec83679aae","5","5","10"
"agraboso","2015-08-21 23:17:59","agraboso","2015-08-21 23:17:59","e0ae39a85ca46912b75aba9ecd0bc5ed86266b6e","6","5","11"
"agraboso","2015-08-21 22:11:28","agraboso","2015-08-21 22:11:28","c53ff52254f000b8a1d9ae6ad3a305030d8b8a20","3","4","7"
"agraboso","2015-08-21 22:09:19","agraboso","2015-08-21 22:09:19","aad4fd5f5204886608a3c768ed6f672c82dbfd1a","3","3","6"
"gaearon","2015-08-18 10:38:12","gaearon","2015-08-18 10:38:12","d5bf492ee35ad1be8ffd5fa6be689cd74df3b41e","1","2","3"
"PSpSynedra","2015-08-18 09:09:56","PSpSynedra","2015-08-18 09:09:56","fc01d579ad24d03229830c7196dc7318be0f9342","1","2","3"
"gaearon","2015-08-17 16:21:54","gaearon","2015-08-17 16:21:54","cc97853ef1591ef405f0ebcdf5422b814c5262e9","2","2","4"
"gaearon","2015-08-17 15:12:38","gaearon","2015-08-17 15:12:38","2cebe9719394ac34401ee48650123914252b19c2","1","1","2"
"gaearon","2015-08-17 15:10:54","gaearon","2015-08-17 15:10:54","04cdc36671c3e329a161dc83dbf0f111c3712095","5","17","22"
"gaearon","2015-08-17 15:08:53","gaearon","2015-08-17 15:08:53","06f38f317399f804333e869f94c4f6095f90fe33","29","27","56"
"gaearon","2015-08-17 14:55:25","gaearon","2015-08-17 14:55:25","555ec8bf50279a2a57e2d904370e750bda7285a0","11","231","242"
"jhollingworth","2015-08-16 10:56:31","jhollingworth","2015-08-16 10:56:31","183a59528083ca0737fe73913ad4c5fe22663e6e","4","4","8"
"jhollingworth","2015-08-16 10:48:16","jhollingworth","2015-08-16 10:52:07","db383800550fd822bd8364283f4cf8da558c339f","11","231","242"
"gaearon","2015-08-15 00:38:26","gaearon","2015-08-15 00:38:26","27aebaeaa5df4a051f9bbac89000f3cd22157b65","1","1","2"
"gaearon","2015-08-15 00:37:52","gaearon","2015-08-15 00:37:52","dfd5c80bcdd51a98b96e9dd2165f93e9c17953ee","3","6","9"
"gaearon","2015-08-12 11:27:36","gaearon","2015-08-12 11:27:36","d13d76acb2e915a2841daa2da1e5d0743b2048c8","2","2","4"
"nuragic","2015-08-12 10:04:17","nuragic","2015-08-12 10:04:17","66428d76b245092f3d72d6929b09f2d9bd3efe83","2","2","4"
"gaearon","2015-08-11 19:09:35","gaearon","2015-08-11 19:09:35","aa3792a4074e03b7c618016185dd5bbeaedfc194","1","1","2"
"gaearon","2015-08-11 19:08:48","gaearon","2015-08-11 19:08:48","83756ec7e1d4a2a92e1db8c22e4cdc31581bcb9e","9","53","62"
"istarkov","2015-08-11 18:28:03","istarkov","2015-08-11 19:04:10","4dc59bc42ca309658546f54399d72d82116240b9","8","7","15"
"istarkov","2015-08-11 17:48:56","istarkov","2015-08-11 19:03:44","b6d19f71e4110e3fa152327228e06bbffa92d60e","47","0","47"
"istarkov","2015-08-11 19:00:18","istarkov","2015-08-11 19:02:35","4fa375d0edcb9f2041901312190df146a7239c8a","0","92","92"
"gaearon","2015-08-11 16:18:30","gaearon","2015-08-11 16:18:30","61a3df748b7aef0046073a6220716dee5365c47e","7","6","13"
"gaearon","2015-08-11 16:14:00","gaearon","2015-08-11 16:14:00","e14533ece8a4bcd9939ba1a8f6fcf64aa1aaf295","1","1","2"
"gaearon","2015-08-11 16:13:22","gaearon","2015-08-11 16:13:22","1edb697fdcbe31c5b79982d85d7886cec4ee1fd9","1","52","53"
"istarkov","2015-08-11 15:57:33","istarkov","2015-08-11 15:57:33","a1667b87d89143d9d5cf809fbe763f201a2e65e5","0","45","45"
"istarkov","2015-08-11 14:53:53","istarkov","2015-08-11 14:57:26","6a510341ffccb5d7a37e9b147949c825bd0c5217","1","7","8"
"gaearon","2015-08-10 01:05:20","gaearon","2015-08-10 01:05:20","b69502338fc4f7695975e32a2943ae5317262464","1","1","2"
"timtyrrell","2015-08-09 23:02:26","timtyrrell","2015-08-09 23:02:26","a40d6590a00e1a5884b61d2666ac78890159565e","1","1","2"
"gaearon","2015-08-09 21:23:17","gaearon","2015-08-09 21:23:17","c2a258bb657d4c7ad18ec0aae2f9da1eccb33a27","3","2","5"
"gaearon","2015-08-09 21:15:46","gaearon","2015-08-09 21:15:46","792142be85cf93274df3279b433fcf98b364f90f","1","1","2"
"gaearon","2015-08-09 21:15:21","gaearon","2015-08-09 21:15:21","5095593ca89f76adb3e3ff6b21d37f5912c066c5","10","69","79"
"jhollingworth","2015-08-09 21:11:06","jhollingworth","2015-08-09 21:11:06","8bb6766dc397f5d03b7b7e0edecb15c75237b152","7","7","14"
"gaearon","2015-08-09 21:05:53","gaearon","2015-08-09 21:05:53","20d4d8515ad3ca3c919be7d1e0990aac6fe2d5f8","4","6","10"
"jhollingworth","2015-08-09 21:03:18","jhollingworth","2015-08-09 21:03:18","818a3ec5eec56e69e95a34fbb58ecd5ba1aa9cb0","1","26","27"
"jhollingworth","2015-08-09 20:36:09","jhollingworth","2015-08-09 20:36:09","357ee46fc803ea6a9db0689498cc760e8bbcb462","0","4","4"
"jhollingworth","2015-08-09 20:22:47","jhollingworth","2015-08-09 20:22:47","aba84109249a159aece11df3858852c182d910be","10","40","50"
"gaearon","2015-08-09 19:12:48","gaearon","2015-08-09 19:12:48","d4ae7b4d652d1ffc33145ad01f879ae85ba8b368","0","45","45"
"gaearon","2015-08-09 19:01:30","gaearon","2015-08-09 19:01:30","e6d67d7420e1dd8a47bcaa7d387c13d758cfd1c1","6","1","7"
"gaearon","2015-08-09 17:29:53","gaearon","2015-08-09 17:29:53","715e8d32552356476917ceeabb02943caf72bb57","1","1","2"
"gaearon","2015-08-09 17:27:27","gaearon","2015-08-09 17:27:27","238e7d90202ea51495e5b217e74619a3150ca93e","17","26","43"
"gaearon","2015-08-09 17:19:39","gaearon","2015-08-09 17:19:59","b7ef1789d14761d189be4cc4857608c5c82233e3","17","12","29"
"gaearon","2015-08-09 17:16:37","gaearon","2015-08-09 17:16:37","6178a0ac21d7dfec04865ae75b8944ba1c0449f6","94","98","192"
"gaearon","2015-08-09 13:20:06","gaearon","2015-08-09 13:20:06","58fa1073849230df856aab9528d4215b9e8c9417","1","1","2"
"moroshko","2015-08-09 03:37:36","moroshko","2015-08-09 03:37:36","ee8703894d726b68b58961d2d2bfcb9ee7e91f14","1","1","2"
"gaearon","2015-08-08 13:20:50","gaearon","2015-08-08 13:20:50","2c40144b9f0a0adee314b10ec72cbc0282a733b5","1","1","2"
"gaearon","2015-08-08 13:20:31","gaearon","2015-08-08 13:20:31","7458a923769e43dc647c270a7102d55236fa3b79","185","223","408"
"gaearon","2015-08-08 12:19:42","gaearon","2015-08-08 12:19:42","f7dc41d998dc1301e09703f0b1199f3712817a4c","185","223","408"
"gaearon","2015-08-08 00:32:03","gaearon","2015-08-08 00:32:03","aee30e6940bfb7bba0417880991536aa5b1e91d6","1","1","2"
"gaearon","2015-08-08 00:31:29","gaearon","2015-08-08 00:31:29","7cced3739dd43ed337cfcbd9cf5051bf5d0a3f24","9","55","64"
"gaearon","2015-08-08 00:21:08","gaearon","2015-08-08 00:22:32","05915540fbf3ecd7a035d94544c4afd35e47d5b0","1","1","2"
"gaearon","2015-08-08 00:20:53","gaearon","2015-08-08 00:22:32","f15b2448e56a7be638f0f3920c8480b20d7bd807","31","36","67"
"gaearon","2015-08-08 00:03:54","gaearon","2015-08-08 00:22:32","46508ae5fb7b0e7cba7a2df12fe8aa5efdef0f6f","3","88","91"
"gaearon","2015-08-07 20:36:51","gaearon","2015-08-07 20:36:51","ef5356380a75159a94bb115f5ddfd8c3dfe3580b","1","1","2"
"gaearon","2015-08-07 19:52:27","gaearon","2015-08-07 19:52:27","e2b2ebe3fb11aa7a343ebf41af35a60b1ccf96dd","3","3","6"
"gaearon","2015-08-07 19:47:08","gaearon","2015-08-07 19:47:08","7a7ce7cb36e348b701bb6602ea06384f3520c697","1","1","2"
"gaearon","2015-08-07 19:46:55","gaearon","2015-08-07 19:46:55","bda582b728514446594bcef3c2f39ce52dba02d9","5","8","13"
"gaearon","2015-08-07 19:38:01","gaearon","2015-08-07 19:39:36","cd8311da0f977fc39e291515322911d1bcf4cbd7","41","43","84"
"af","2015-08-07 18:09:44","af","2015-08-07 18:09:44","59dcc84e6d64abc828f8f2865d57cbc094f29bc2","3","3","6"
"gaearon","2015-08-07 16:02:34","gaearon","2015-08-07 16:02:34","3ad6f3b623ed219896a971a4f6cb993390932f76","41","41","82"
"gaearon","2015-08-07 15:49:39","gaearon","2015-08-07 15:49:39","c628e0eac5b907a4d55545cf596085f41de37dcb","5","5","10"
"gaearon","2015-08-07 15:34:22","gaearon","2015-08-07 15:34:22","0bbb1268628667087ba0562018617d421d10043d","1","1","2"
"gaearon","2015-08-07 15:31:04","gaearon","2015-08-07 15:31:04","baff262c948cc224ec11c1c3c5f1094dd27e584f","8","6","14"
"gaearon","2015-08-07 15:28:28","gaearon","2015-08-07 15:28:28","ca2afa0c89b994c04f03e27c181cd1630b7e9079","1","4","5"
"gaearon","2015-08-07 15:27:03","gaearon","2015-08-07 15:27:03","14b5cff04c8d95b210703545c64420280ac60193","6","13","19"
"jihchi","2015-08-07 15:21:32","jihchi","2015-08-07 15:21:32","7cc2024883568bdcf184c4dd0f4c424c296c3db6","1","1","2"
"gaearon","2015-08-07 15:14:59","gaearon","2015-08-07 15:14:59","59f543bb93a13dbc5564abccca2ce68a9a832bc7","1","1","2"
"gaearon","2015-08-07 15:00:45","gaearon","2015-08-07 15:00:45","ef8aaa908b65f739101245efb473ec7b14f22dab","1","1","2"
"gaearon","2015-08-07 14:24:49","gaearon","2015-08-07 14:24:49","99530fa6048e19c7db20e5f77b512b8c352ecd61","2","4","6"
"gaearon","2015-08-07 14:16:27","gaearon","2015-08-07 14:16:27","a6484430ec91942d7374b43e198c7a27b643f42c","584","838","1422"
"gaearon","2015-08-07 14:16:03","gaearon","2015-08-07 14:16:03","187532cefeec7b68b57a2a2c3617944053410183","3","3","6"
"gaearon","2015-08-07 14:13:19","gaearon","2015-08-07 14:13:19","60eb884120f0c4989ee8575cb74880a985086b10","1","6","7"
"gaearon","2015-08-07 14:12:07","gaearon","2015-08-07 14:12:07","ea136fa67fd068925ded2f2e2b745d623926b5cb","20","26","46"
"gaearon","2015-08-07 14:09:39","gaearon","2015-08-07 14:09:39","5fdeade9f97bec5af95f74b60778428e572f765f","8","10","18"
"gaearon","2015-08-07 14:07:09","gaearon","2015-08-07 14:07:09","95bb962c96d6783b8a19c96cb90e65d5063878dc","1","1","2"
"gaearon","2015-08-07 14:05:21","gaearon","2015-08-07 14:05:21","9ed8f4826e295406a286a510e6930a6b39e78272","3","3","6"
"gaearon","2015-08-07 14:03:47","gaearon","2015-08-07 14:03:47","4a3d6999486615b6c89c7993630aebf5c141e04c","23","42","65"
"gaearon","2015-08-07 13:46:44","gaearon","2015-08-07 13:46:44","65ce19725b1a6530ad6571e78aecec2f7bfc66f5","85","59","144"
"gaearon","2015-08-07 13:30:35","gaearon","2015-08-07 13:30:35","25946cf872cd7f0f58a4cf6e05918e433a67e9b0","0","0","0"
"gaearon","2015-08-07 13:30:28","gaearon","2015-08-07 13:30:28","06a060dfdae194ca7598d9c11643087deeeda8c3","0","0","0"
"gaearon","2015-08-07 13:30:21","gaearon","2015-08-07 13:30:21","fcbce6f54815a14a0eefd0878f7dceeb586caeda","0","0","0"
"gaearon","2015-08-07 13:28:43","gaearon","2015-08-07 13:28:43","817e710bb017dbc8b11f309679f7666a4eaf1200","2","2","4"
"gaearon","2015-08-07 13:24:29","gaearon","2015-08-07 13:24:29","423a5908db3f2bd2563b46eed0acf292829415f1","28","61","89"
"gaearon","2015-08-07 13:21:56","gaearon","2015-08-07 13:21:56","3079d0045f8ced7c79db9b255172295d2294ae51","13","107","120"
"gaearon","2015-08-07 12:58:13","gaearon","2015-08-07 12:58:13","6e99536956e3e698559666eef06e7a5011f99757","37","35","72"
"gaearon","2015-08-07 12:07:16","gaearon","2015-08-07 12:07:16","d8d416e61520619456d9a6b98cac8556068aa963","1","23","24"
"gaearon","2015-08-07 12:05:52","gaearon","2015-08-07 12:05:52","ca47a0ad5fdd5f7690a53f2ceb4d4d89643133a6","8","5","13"
"gaearon","2015-08-07 11:47:03","gaearon","2015-08-07 11:47:03","47a7df7b858b1ef7762498900373557dae9eab56","9","15","24"
"gaearon","2015-08-07 11:19:47","gaearon","2015-08-07 11:19:47","999282743254a486367216ce96f3abf3af50d654","18","36","54"
"gaearon","2015-08-07 11:06:14","gaearon","2015-08-07 11:06:14","09494885cad9cebd744b8bf05b3b22e45061c214","130","34","164"
"gaearon","2015-08-07 10:42:33","gaearon","2015-08-07 10:42:33","4a5756e097a178bb20134c4446bc542042ad6772","422","513","935"
"gaearon","2015-08-07 10:42:29","gaearon","2015-08-07 10:42:29","1e9809e9d9355f68eb8b996bcb1f5ed02fa52d22","25","110","135"
"gaearon","2015-08-07 10:31:04","gaearon","2015-08-07 10:31:04","ae1aaef0d0ad51e5bccc22bc73fd0cdf2f6cb507","0","3","3"
"gaearon","2015-08-07 10:28:17","gaearon","2015-08-07 10:28:17","3438e58764d172552ae057e4f51aefa56d91c030","1","1","2"
"gaearon","2015-08-07 10:28:01","gaearon","2015-08-07 10:28:01","5e7512af4cc4d1bdf963be0adce5ac26f77668c5","151","28","179"
"gaearon","2015-08-07 10:09:21","gaearon","2015-08-07 10:09:21","11adf721fbb3f5548c6e5f6b4999835d41807850","1","1","2"
"gaearon","2015-08-07 10:06:46","gaearon","2015-08-07 10:06:46","fdcd794d471885a61094bdb2fa7c01834909f895","2","1","3"
"gaearon","2015-08-07 10:00:06","gaearon","2015-08-07 10:00:06","c3e5b38dc5fb3d938a690cc335756047c24777f0","0","6","6"
"gaearon","2015-08-07 09:54:02","gaearon","2015-08-07 09:54:02","e121f6b4c159d4d8475a5b70aaa82203c19ad22a","0","25","25"
"gnoff","2015-08-06 04:48:29","gnoff","2015-08-06 04:48:29","c54a8b80da1dcf865bf54da02fffda84c0094fe3","4","4","8"
"gnoff","2015-08-06 04:45:42","gnoff","2015-08-06 04:45:42","9256e9d89b4160895cdf56ec5e2ee0f8298d335c","66","323","389"
"gaearon","2015-08-03 12:51:46","gaearon","2015-08-03 12:51:46","a40de375db23161161b40629e5483ad40575086d","3","4","7"
"gaearon","2015-08-03 08:50:02","gaearon","2015-08-03 08:50:02","f5cc73fabe3b6f3167216ece317df9de28063aa9","63","48","111"
"mikekidder","2015-08-02 21:50:53","mikekidder","2015-08-02 22:18:13","389eaf4957b8aba54578ae4fa4fc5ffdeed85b50","63","48","111"
"sapegin","2015-08-01 08:08:17","sapegin","2015-08-01 08:08:17","216dcd2a1339fb3728027f6910e686cdc8c73bf8","3","4","7"
"gaearon","2015-08-01 00:40:33","gaearon","2015-08-01 00:40:33","6c668308c6343d706cb7eceb900ff6846b048626","1","2","3"
"gaearon","2015-08-01 00:31:07","gaearon","2015-08-01 00:31:07","91b3f4d96222029ae13433f227825329bf2c1ac9","51","226","277"
"gaearon","2015-07-31 23:13:36","gaearon","2015-07-31 23:13:36","7e1346d2a2aff76cf8a80c7919d37cfeb6818b87","1","1","2"
"wbuchwalter","2015-07-31 21:01:08","wbuchwalter","2015-07-31 21:01:08","8ffb2fab837409ba4750a3722f32e8f2f0becfe9","1","1","2"
"","2015-07-31 17:39:13","","2015-07-31 17:39:13","105a2aa3b613caf54a18bc8904c75192a5084836","59","0","59"
"","2015-07-31 17:36:29","","2015-07-31 17:36:29","170b1b7195ec9ee9f79a3e9d23b9e69f4058d07c","5","5","10"
"gaearon","2015-07-31 15:19:03","gaearon","2015-07-31 15:19:03","a6d6fe94e7b3523b5290eabe088e990b1f0cb956","3","4","7"
"gaearon","2015-07-31 15:18:25","gaearon","2015-07-31 15:18:25","4cb7e83b26d5bac822e112a9c98f2be9c813498d","3","97","100"
"gnoff","2015-07-31 14:50:06","gnoff","2015-07-31 14:50:06","80ebc01833be573b7607e929c73f124e0c547c08","1","39","40"
"jlogsdon","2015-07-30 14:48:52","jlogsdon","2015-07-31 14:47:49","9865b2d8080fe519c53c4fc90c7fb4102948db86","3","97","100"
"gnoff","2015-07-31 07:39:16","gnoff","2015-07-31 07:39:16","44287dc98e5532153e5edd49fc7b44a25af3a4f9","571","3","574"
"gnoff","2015-07-31 07:26:28","gnoff","2015-07-31 07:26:28","74c3d9d11f732e95b81936255b2f010b44f2873f","2","2","4"
"gnoff","2015-07-31 07:24:24","gnoff","2015-07-31 07:24:24","df18c6d3ab273e75b5d7a3c080daade08cff84e0","569","1","570"
"gnoff","2015-07-31 07:19:38","gnoff","2015-07-31 07:19:38","b446894a1d21aa948a34fc39223b42129ef82765","1","39","40"
"gnoff","2015-07-31 06:56:03","gnoff","2015-07-31 06:56:03","a78837612b017e3604e9de42c6bfb59062545f19","1","1","2"
"gnoff","2015-07-31 06:30:35","gnoff","2015-07-31 06:30:35","ce8bf1ee5a5c5c09bcf4ea03149aa0bddecfae29","7","7","14"
"gnoff","2015-07-31 06:22:45","gnoff","2015-07-31 06:22:45","063777a5d3c79db01c13838b5310d4c978268a0f","180","555","735"
"gnoff","2015-07-30 08:02:44","gnoff","2015-07-30 08:02:44","f6ef06eef8bd0b71230cca3e04e4aa53cc482896","18","323","341"
"gaearon","2015-07-27 19:05:22","gaearon","2015-07-27 19:05:22","faa69b68a4d141435ef7ce1196de8c174980e694","1","1","2"
"dariocravero","2015-07-27 18:21:48","dariocravero","2015-07-27 18:21:48","9ebfae6f692271d49ea39e604462ed454351fbf6","1","1","2"
"gaearon","2015-07-14 13:20:56","gaearon","2015-07-14 13:20:56","3f5980d6b110b9f44a2af65b4d29f04fbc88be57","7","4","11"
"gaearon","2015-07-14 13:18:51","gaearon","2015-07-14 13:18:51","899ec49a21d5528e9bab8b4260e275010f2ec99c","2","1","3"
"ide","2015-07-14 04:46:26","ide","2015-07-14 06:43:09","b8833e9d31c99b19215477f7116b622a02c31adc","2","1","3"
"gaearon","2015-07-13 19:48:30","gaearon","2015-07-13 19:48:30","f0a6d82de4258a04631ce2273143ffc07d06a78c","1","1","2"
"gaearon","2015-07-13 19:43:37","gaearon","2015-07-13 19:43:37","db316f0c72101e48ae7a21e806e6a585c953e438","1","1","2"
"gaearon","2015-07-13 19:43:16","gaearon","2015-07-13 19:43:16","463cfcececf544e3ae98be13dca5956fb8563757","2","2","4"
"gaearon","2015-07-11 21:47:40","gaearon","2015-07-11 21:47:40","35a0f8689d6bf12d18808e615a6509895c9cd7bc","1","1","2"
"gaearon","2015-07-11 21:47:20","gaearon","2015-07-11 21:47:20","b879aef6e1f2d0cd98b4eeee9112b2eeeaf20bcc","0","2","2"
"gaearon","2015-07-11 21:06:01","gaearon","2015-07-11 21:06:01","7a3e2fd11c9898e28700cad963757b523e215ab4","7","7","14"
"gaearon","2015-07-11 19:07:58","gaearon","2015-07-11 19:07:58","c934b3dc07b5f75957102f2424f3cea596f455fc","22","0","22"
"gaearon","2015-07-11 19:04:10","gaearon","2015-07-11 19:04:10","52a280162c220d4ecf1ce826f9dcc423231e8c8b","0","1272","1272"
